{
  "project_info": {
    "project_number": "621848744254",
    "project_id": "dressup-ba232",
    "storage_bucket": "dressup-ba232.appspot.com"
  },
  "client": [
    {
      "client_info": {
        "mobilesdk_app_id": "1:621848744254:android:c9f33ae8f348309166dc6f",
        "android_client_info": {
          "package_name": "com.example.dressupapplication"
        }
      },
      "oauth_client": [
        {
          "client_id": "621848744254-mlve6mpjps8k19v8ufl18cskmq83b775.apps.googleusercontent.com",
          "client_type": 3
        }
      ],
      "api_key": [
        {
          "current_key": "AIzaSyBtScciH1sIXy6hvQFBBgqn4ftJLzD1QMY"
        }
      ],
      "services": {
        "appinvite_service": {
          "other_platform_oauth_client": [
            {
              "client_id": "621848744254-mlve6mpjps8k19v8ufl18cskmq83b775.apps.googleusercontent.com",
              "client_type": 3
            }
          ]
        }
      }
    }
  ],
  "configuration_version": "1"
}